first_name,last_name,classes,agent,age,organization
Shane,Hartman,1,5,13,1
Mahnoor,Church,2,5,14,1
Alexandra,Horne,1,5,13,1
Lola,Chase,2,5,14,1
Francis,Krueger,1,5,12,1
Jerome,Stephenson,1,5,13,1
Annabelle,Gay,1,5,12,1
Julian,Chang,1,5,12,1
Aron,O'Quinn,1,6,13,1
Hallie,Trevino,1,5,14,1
Jasmin,Nunez,1,5,13,1
Judy,Blake,2,5,14,1
Cayden,Knapp,1,5,12,1
Loui,Cole,1,6,13,1
Velma,Gallegos,1,5,12,1
Sara,Cohen,1,5,12,1
Huda,Gentry,1,5,13,1
Ria,Thomson,2,5,14,1
Ashton,Vargas,2,5,13,1
Milan,Baxter,2,6,14,1
Aimee,Mullen,2,5,12,1
Julian,Gardner,2,5,13,1
Monica,Barry,2,5,12,1
Kaine,Stone,2,5,12,1
Caitlin,Perry,2,5,14,1
Addie,Carpenter,2,5,12,1
Derek,Kim,2,5,13,1
Ray,Harrison,2,6,14,1
Tomas,Holt,1,5,12,1
Aleksander,Ramsey,1,5,13,1
